alias riccardosven Riccardo Sven Risuleo <riccardosven@gmail.com>
alias alma Alma Alfsdotter <alma.alfsdotter@gmail.com>
alias jose.araujo Jose Araujo <jose.h.araujo@gmail.com>
alias wojtek Wojciech Chacholski <wojtek@math.kth.se>
alias arda Arda Aytekin <aytekin@kth.se>
alias andreteixeira André Herdeiro Teixeira <andretei@kth.se>
alias sergio Sergio Pequito <sergio.pequito@gmail.com>
alias pedro.aguiar \"A. Pedro Aguiar\" <pedro.aguiar@fe.up.pt>
alias pedro.rocha Pedro Rocha <sabino326@gmail.com>
alias alma.madeinsweden Alma Alfsdotter <alma.madeinsweden@hotmail.com>
alias daan.wynen Daan Wynen <daan.wynen@inria.fr>
alias constanca.simas Constança Simas <constanca.simas@gmail.com>
alias resende Pedro Resende <pmr@math.tecnico.ulisboa.pt>
alias soummya Soummya Kar <soummyak@andrew.cmu.edu>
alias joao.saude Joao Saude <joao.saude@gmail.com>
alias brian.swe Brian Swenson <brianswe@andrew.cmu.edu>
alias kalle Karl Johansson <kallej@ee.kth.se>
alias florian.pokorny Florian Pokorny <fpokorny@kth.se>
